{"type": "block", "layer": 1, "block": 0, "features": [{"geom": {"triangles": {"v": [29.052136754508172, -11.486694044623132, 0.0, 28.895678612973008, -11.612967335701352, 0.0, 29.20406716847479, -11.84639684590173, 0.0, 29.52956047256885, -11.58630405113105, 0.0, 29.099426353557377, -11.270369283015025, 0.0, 28.93894356529463, -11.408213433435074, 0.0], "f": [0, 1, 2, 0, 2, 3, 4, 0, 3, 5, 0, 4]}, "centroids": [[29.190751679939297, -11.565971933469884, 0.0]]}, "mtl": 0}], "featureCount": 1}