{"type": "block", "layer": 1, "block": 0, "features": [{"geom": {"triangles": {"v": [14.406710238581322, -12.77138058110758, 0.0, 14.250252097046157, -12.897653872185801, 0.0, 14.55864065254795, -13.131083382386176, 0.0, 14.88413395664201, -12.870990587615498, 0.0, 14.453999837630537, -12.555055819499472, 0.0, 14.293517049367777, -12.692899969919523, 0.0], "f": [0, 1, 2, 0, 2, 3, 4, 0, 3, 5, 0, 4]}, "centroids": [[14.545325164012446, -12.85065846995433, 0.0]]}, "mtl": 0}], "featureCount": 1}