{"type": "block", "layer": 20, "block": 0, "features": [{"geom": {"pts": [[31.837030375757593, -16.018569073286134, 0.0]], "r": 1.0000431885626708}, "mtl": 0}], "featureCount": 1}