{"type": "block", "layer": 20, "block": 0, "features": [{"geom": {"pts": [[17.19160385983074, -17.30325560977058, 0.0]], "r": 1.0000431885626708}, "mtl": 0}], "featureCount": 1}