{"type": "block", "layer": 21, "block": 0, "features": [{"geom": {"pts": [[31.253568573739788, -12.137209874708395, 0.0]], "r": 1.0000431885626708}, "mtl": 0}], "featureCount": 1}