{"type": "block", "layer": 21, "block": 0, "features": [{"geom": {"pts": [[16.608142057812948, -13.421896411192844, 0.0]], "r": 1.0000431885626708}, "mtl": 0}], "featureCount": 1}