{"type": "block", "layer": 22, "block": 0, "features": [{"geom": {"pts": [[17.688750785173546, -15.269971522636947, 0.0]], "r": 1.0000431885626708}, "mtl": 0}], "featureCount": 1}