{"type": "block", "layer": 22, "block": 0, "features": [{"geom": {"pts": [[32.33417730110039, -13.985284986152498, 0.0]], "r": 1.0000431885626708}, "mtl": 0}], "featureCount": 1}