{"type": "block", "layer": 23, "block": 0, "features": [{"geom": {"pts": [[16.608131498294565, -13.123584825655307, 0.0]], "r": 1.0000431885626708}, "mtl": 0}], "featureCount": 1}