{"type": "block", "layer": 23, "block": 0, "features": [{"geom": {"pts": [[31.253558014221404, -11.838898289170855, 0.0]], "r": 1.0000431885626708}, "mtl": 0}], "featureCount": 1}