{"type": "block", "layer": 24, "block": 0, "features": [{"geom": {"pts": [[10.686463392022771, -10.913641316603453, 0.0]], "r": 1.0000431885626708}, "mtl": 0}], "featureCount": 1}