{"type": "block", "layer": 24, "block": 0, "features": [{"geom": {"pts": [[25.331889907949613, -9.628954780119006, 0.0]], "r": 1.0000431885626708}, "mtl": 0}], "featureCount": 1}