{"type": "block", "layer": 25, "block": 0, "features": [{"geom": {"pts": [[29.702752026803616, -16.67347298720482, 0.0]], "r": 1.0000431885626708}, "mtl": 0}], "featureCount": 1}