{"type": "block", "layer": 25, "block": 0, "features": [{"geom": {"pts": [[15.057325510876773, -17.95815952368927, 0.0]], "r": 1.0000431885626708}, "mtl": 0}], "featureCount": 1}