{"type": "block", "layer": 26, "block": 0, "features": [{"geom": {"pts": [[-2.0469362360782117, -12.481755069786267, 0.0]], "r": 1.0000431885626708}, "mtl": 0}], "featureCount": 1}