{"type": "block", "layer": 26, "block": 0, "features": [{"geom": {"pts": [[-16.692362752005057, -13.766441606270714, 0.0]], "r": 1.0000431885626708}, "mtl": 0}], "featureCount": 1}