{"type": "block", "layer": 27, "block": 0, "features": [{"geom": {"pts": [[15.18459317903389, -0.9886929170719546, 0.0]], "r": 1.0000431885626708}, "mtl": 0}], "featureCount": 1}