{"type": "block", "layer": 27, "block": 0, "features": [{"geom": {"pts": [[0.5391666631070491, -2.2733794535564025, 0.0]], "r": 1.0000431885626708}, "mtl": 0}], "featureCount": 1}