{"type": "block", "layer": 29, "block": 0, "features": [{"geom": {"lines": [[[34.19382797352474, -15.849284857802887, 0.0], [33.965796113286636, -15.67959917776619, 0.0], [33.826621738492754, -15.57200668032863, 0.0], [33.608225027276184, -15.403391572405436, 0.0], [33.490997380815216, -15.31292822878955, 0.0], [33.31381769598212, -15.172147995825885, 0.0], [33.09916798716516, -15.01049160664187, 0.0], [32.868459696642816, -14.82795906123938, 0.0], [32.70894445168675, -14.70644912632346, 0.0], [31.954191111456844, -15.317478160273582, 0.0]]]}, "mtl": 0}], "featureCount": 1}