{"type": "block", "layer": 29, "block": 0, "features": [{"geom": {"lines": [[[19.548401457597897, -17.13397139428734, 0.0], [19.320369597359786, -16.964285714250643, 0.0], [19.181195222565904, -16.856693216813078, 0.0], [18.962798511349334, -16.688078108889883, 0.0], [18.845570864888373, -16.597614765274002, 0.0], [18.668391180055266, -16.45683453231033, 0.0], [18.453741471238306, -16.295178143126318, 0.0], [18.223033180715976, -16.112645597723827, 0.0], [18.063517935759897, -15.991135662807908, 0.0], [17.30876459552999, -16.60216469675803, 0.0]]]}, "mtl": 0}], "featureCount": 1}