{"type": "block", "layer": 31, "block": 0, "features": [{"geom": {"lines": [[[15.815637255292625, -16.377893619738146, 0.0], [16.157237356060726, -16.63920982585771, 0.0], [16.267206052094586, -16.55060519142353, 0.0]]]}, "mtl": 0}], "featureCount": 1}