{"type": "block", "layer": 31, "block": 0, "features": [{"geom": {"lines": [[[30.461063771219465, -15.093207083253697, 0.0], [30.80266387198757, -15.354523289373262, 0.0], [30.912632568021426, -15.265918654939082, 0.0]]]}, "mtl": 0}], "featureCount": 1}