{"type": "block", "layer": 2, "block": 0, "features": [{"geom": {"lines": [[[32.76175934250246, -17.214152784935745, 0.0], [33.33237427912354, -17.652016779455217, 0.0]]]}, "mtl": 0}], "featureCount": 1}