{"type": "block", "layer": 2, "block": 0, "features": [{"geom": {"lines": [[[18.116332826575608, -18.498839321420196, 0.0], [18.686947763196706, -18.936703315939667, 0.0]]]}, "mtl": 0}], "featureCount": 1}