{"type": "block", "layer": 32, "block": 0, "features": [{"geom": {"lines": [[[16.195580224509655, -18.76358464607363, 0.0], [16.195580224509655, -18.76358464607363, 0.0], [15.856678742050578, -18.505079500694713, 0.0]]]}, "mtl": 0}, {"geom": {"lines": [[[15.859377360359616, -18.680714575543924, 0.0], [16.078415212992226, -18.500806688372155, 0.0]]]}, "mtl": 0}, {"geom": {"lines": [[[16.547974798509202, -19.03232205253812, 0.0], [16.43699412060865, -19.12126401426058, 0.0]]]}, "mtl": 0}], "featureCount": 3}