{"type": "block", "layer": 32, "block": 0, "features": [{"geom": {"lines": [[[30.841006740436494, -17.47889810958918, 0.0], [30.841006740436494, -17.47889810958918, 0.0], [30.50210525797743, -17.220392964210262, 0.0]]]}, "mtl": 0}, {"geom": {"lines": [[[30.504803876286456, -17.396028039059473, 0.0], [30.723841728919076, -17.216120151887704, 0.0]]]}, "mtl": 0}, {"geom": {"lines": [[[31.193401314436052, -17.747635516053673, 0.0], [31.082420636535492, -17.836577477776128, 0.0]]]}, "mtl": 0}], "featureCount": 3}