{"type": "block", "layer": 33, "block": 0, "features": [{"geom": {"pts": [[17.99143274663313, 3.5271113466184736, 0.0]], "r": 1.0000431885626708}, "mtl": 0}], "featureCount": 1}