{"type": "block", "layer": 33, "block": 0, "features": [{"geom": {"pts": [[32.63685926255998, 4.81179788310293, 0.0]], "r": 1.0000431885626708}, "mtl": 0}], "featureCount": 1}