{"type": "block", "layer": 34, "block": 0, "features": [{"geom": {"pts": [[18.13917169833973, -15.642196064596517, 0.0]], "r": 1.0000431885626708}, "mtl": 0}], "featureCount": 1}