{"type": "block", "layer": 34, "block": 0, "features": [{"geom": {"pts": [[32.784598214266566, -14.357509528112068, 0.0]], "r": 1.0000431885626708}, "mtl": 0}], "featureCount": 1}