{"type": "block", "layer": 35, "block": 0, "features": [{"geom": {"triangles": {"v": [-33.46595950529285, -0.5465161460447672, 0.0, -33.84276705516371, -0.8654693992064858, 0.0, -32.13732300434631, -1.007841277195078, 0.0, -32.19718962441925, -2.120153016533509, 0.0, -31.47778402186206, -1.4983450971204404, 0.0], "f": [0, 1, 2, 1, 3, 2, 2, 3, 4]}, "centroids": [[-32.62238925505538, -1.2788583344137237, 0.0]]}, "mtl": 0}], "featureCount": 1}