{"type": "block", "layer": 35, "block": 0, "features": [{"geom": {"triangles": {"v": [-18.820532989366, 0.7381703904396809, 0.0, -19.19734053923687, 0.4192171372779582, 0.0, -17.49189648841946, 0.27684525928937004, 0.0, -17.55176310849241, -0.8354664800490611, 0.0, -16.832357505935214, -0.2136585606359884, 0.0], "f": [0, 1, 2, 1, 3, 2, 2, 3, 4]}, "centroids": [[-17.97696273912854, 0.005828202070724443, 0.0]]}, "mtl": 0}], "featureCount": 1}