{"type": "block", "layer": 36, "block": 0, "features": [{"geom": {"pts": [[32.766681732441796, 4.64653929272995, 0.0]], "r": 1.0000431885626708}, "mtl": 0}], "featureCount": 1}