{"type": "block", "layer": 36, "block": 0, "features": [{"geom": {"pts": [[18.121255216514953, 3.3618527562455025, 0.0]], "r": 1.0000431885626708}, "mtl": 0}], "featureCount": 1}