{"type": "block", "layer": 37, "block": 0, "features": [{"geom": {"lines": [[[17.729632289932983, 4.752062843760185, 0.0], [17.76876225539289, 4.67695130086555, 0.0], [17.782255346930555, 4.638271105123659, 0.0], [17.799346596212363, 4.530776142538427, 0.0], [17.825433239851673, 4.347719867340548, 0.0], [17.847921725748726, 4.187601847757737, 0.0], [17.878056296849245, 3.959568600766672, 0.0], [17.74942215752101, 3.834082849463606, 0.0], [17.910664601398384, 3.7279371960324204, 0.0], [18.050992753392237, 3.861518802257909, 0.0], [17.878281181707788, 3.959118831047721, 0.0]]]}, "mtl": 0}, {"geom": {"lines": [[[17.910678656703748, 3.727979361942872, 0.0], [17.958157472554383, 3.3896260363271375, 0.0]]]}, "mtl": 0}, {"geom": {"lines": [[[17.990540892244976, 3.1683393351044415, 0.0], [18.038216482346257, 2.8301125072219304, 0.0], [17.898338100070422, 2.701478367892752, 0.0], [18.073748290062962, 2.5980313327696583, 0.0], [18.21092805403164, 2.7280147812510136, 0.0], [18.03827270356019, 2.830224949650734, 0.0]]]}, "mtl": 0}], "featureCount": 3}