{"type": "block", "layer": 37, "block": 0, "features": [{"geom": {"lines": [[[32.37505880585982, 6.036749380244633, 0.0], [32.41418877131973, 5.961637837349998, 0.0], [32.427681862857405, 5.922957641608114, 0.0], [32.4447731121392, 5.815462679022875, 0.0], [32.47085975577851, 5.632406403824996, 0.0], [32.49334824167558, 5.4722883842421846, 0.0], [32.523482812776095, 5.244255137251128, 0.0], [32.394848673447854, 5.118769385948062, 0.0], [32.55609111732524, 5.012623732516877, 0.0], [32.69641926931909, 5.146205338742357, 0.0], [32.52370769763463, 5.243805367532169, 0.0]]]}, "mtl": 0}, {"geom": {"lines": [[[32.55610517263059, 5.01266589842732, 0.0], [32.60358398848123, 4.674312572811586, 0.0]]]}, "mtl": 0}, {"geom": {"lines": [[[32.63596740817183, 4.453025871588898, 0.0], [32.6836429982731, 4.114799043706379, 0.0], [32.543764615997276, 3.9861649043772003, 0.0], [32.719174805989816, 3.8827178692541144, 0.0], [32.85635456995849, 4.012701317735462, 0.0], [32.68369921948704, 4.114911486135182, 0.0]]]}, "mtl": 0}], "featureCount": 3}