{"type": "block", "layer": 38, "block": 0, "features": [{"geom": {"lines": [[[-31.47157669389806, -1.5051334720879053, 0.0], [-32.14218334333357, -1.013085400671996, 0.0], [-32.183562157383555, -0.9878982964677763, 0.0], [-32.404848858604375, -0.9213323782135772, 0.0], [-32.59690052816258, -0.8646613937538552, 0.0], [-32.65582036121144, -0.8480199141910093, 0.0], [-32.64772450628809, -0.7944973177564614, 0.0]]]}, "mtl": 0}], "featureCount": 1}