{"type": "block", "layer": 38, "block": 0, "features": [{"geom": {"lines": [[[-16.826150177971215, -0.22044693560345716, 0.0], [-17.496756827406724, 0.27160113581245204, 0.0], [-17.53813564145671, 0.29678824001666776, 0.0], [-17.759422342677528, 0.36335415827087497, 0.0], [-17.951474012235728, 0.4200251427305928, 0.0], [-18.010393845284593, 0.43666662229344283, 0.0], [-18.002297990361242, 0.49018921872798665, 0.0]]]}, "mtl": 0}], "featureCount": 1}