{"type": "block", "layer": 39, "block": 0, "features": [{"geom": {"lines": [[[12.833239216368064, -24.725700247317835, 0.0], [12.1702786521379, -25.25485432046305, 0.0], [13.08893330101103, -25.966614899086252, 0.0]]]}, "mtl": 0}], "featureCount": 1}