{"type": "block", "layer": 39, "block": 0, "features": [{"geom": {"lines": [[[-1.8121872995587762, -26.010386783802282, 0.0], [-2.4751478637889512, -26.539540856947497, 0.0], [-1.5564932149158217, -27.2513014355707, 0.0]]]}, "mtl": 0}], "featureCount": 1}