{"type": "block", "layer": 40, "block": 0, "features": [{"geom": {"lines": [[[22.333700007533828, -14.946951262149625, 0.0], [22.603561838290076, -13.875599794039545, 0.0], [23.80624606403555, -14.238114186691181, 0.0]]]}, "mtl": 0}], "featureCount": 1}