{"type": "block", "layer": 40, "block": 0, "features": [{"geom": {"lines": [[[36.97912652346067, -13.662264725665176, 0.0], [37.24898835421693, -12.590913257555098, 0.0], [38.451672579962406, -12.953427650206734, 0.0]]]}, "mtl": 0}], "featureCount": 1}