{"type": "block", "layer": 3, "block": 0, "features": [{"geom": {"pts": [[-17.754791702377798, 0.3972937720978746, 0.0]], "r": 1.0000431885626708}, "mtl": 0}], "featureCount": 1}