{"type": "block", "layer": 3, "block": 0, "features": [{"geom": {"pts": [[-32.400218218304644, -0.8873927643865775, 0.0]], "r": 1.0000431885626708}, "mtl": 0}], "featureCount": 1}