{"type": "block", "layer": 4, "block": 0, "features": [{"geom": {"lines": [[[32.70742780772411, -14.701520034003149, 0.0], [30.90083736579001, -13.32235550847882, 0.0]]]}, "mtl": 0}], "featureCount": 1}