{"type": "block", "layer": 4, "block": 0, "features": [{"geom": {"lines": [[[18.06200129179727, -15.986206570487601, 0.0], [16.25541084986317, -14.607042044963272, 0.0]]]}, "mtl": 0}], "featureCount": 1}