{"type": "block", "layer": 5, "block": 0, "features": [{"geom": {"pts": [[34.45754557064912, -14.484461537946027, 0.0]], "r": 1.0000431885626708}, "mtl": 0}], "featureCount": 1}