{"type": "block", "layer": 5, "block": 0, "features": [{"geom": {"pts": [[19.812119054722267, -15.769148074430479, 0.0]], "r": 1.0000431885626708}, "mtl": 0}], "featureCount": 1}