{"type": "block", "layer": 6, "block": 0, "features": [{"geom": {"pts": [[16.660354751880924, -18.34280343585433, 0.0]], "r": 1.0000431885626708}, "mtl": 0}], "featureCount": 1}