{"type": "block", "layer": 6, "block": 0, "features": [{"geom": {"pts": [[31.305781267807774, -17.05811689936988, 0.0]], "r": 1.0000431885626708}, "mtl": 0}], "featureCount": 1}