{"type": "block", "layer": 8, "block": 0, "features": [{"geom": {"triangles": {"v": [32.461012532779186, -13.468832557962534, 0.0, 32.24619701369392, -13.643401609771866, 0.0, 32.47208031128006, -13.839603137742012, 0.0, 32.79304588780558, -13.558884028492422, 0.0], "f": [0, 1, 2, 0, 2, 3]}, "centroids": [[32.511792610145584, -13.62473379406651, 0.0]]}, "mtl": 0}], "featureCount": 1}