{"type": "block", "layer": 8, "block": 0, "features": [{"geom": {"triangles": {"v": [17.815586016852336, -14.75351909444698, 0.0, 17.600770497767073, -14.928088146256314, 0.0, 17.82665379535322, -15.124289674226459, 0.0, 18.147619371878733, -14.843570564976869, 0.0], "f": [0, 1, 2, 0, 2, 3]}, "centroids": [[17.866366094218733, -14.909420330550958, 0.0]]}, "mtl": 0}], "featureCount": 1}