{"type": "block", "layer": 9, "block": 0, "features": [{"geom": {"lines": [[[34.566283280381505, -14.460078939192568, 0.0], [35.04361004826912, -14.08146058639765, 0.0]]]}, "mtl": 0}], "featureCount": 1}