{"type": "block", "layer": 9, "block": 0, "features": [{"geom": {"lines": [[[19.920856764454655, -15.744765475677015, 0.0], [20.398183532342273, -15.366147122882102, 0.0]]]}, "mtl": 0}], "featureCount": 1}