{"type": "block", "layer": 11, "block": 0, "features": [{"geom": {"lines": [[[14.447832889828105, -13.251602545749396, 0.0], [14.477877823442542, -13.22762393279846, 0.0], [14.2796781807359, -13.077280469073882, 0.0]]]}, "mtl": 0}], "featureCount": 1}