{"type": "block", "layer": 11, "block": 0, "features": [{"geom": {"lines": [[[29.093259405754957, -11.966916009264947, 0.0], [29.123304339369394, -11.942937396314012, 0.0], [28.92510469666275, -11.792593932589433, 0.0]]]}, "mtl": 0}], "featureCount": 1}