{"type": "block", "layer": 15, "block": 0, "features": [{"geom": {"lines": [[[32.0569520009207, -14.885790560038442, 0.0], [32.18488526660288, -14.837086879985677, 0.0], [32.207176668956365, -14.764791898387772, 0.0]]]}, "mtl": 0}, {"geom": {"lines": [[[32.18488526660476, -14.836896630750024, 0.0], [32.209841945325614, -14.851165312940974, 0.0], [32.24885189944444, -14.860868004693218, 0.0], [32.30312661821776, -14.899107929451397, 0.0], [32.32541802057124, -14.905956855080852, 0.0]]]}, "mtl": 0}], "featureCount": 2}