{"type": "block", "layer": 15, "block": 0, "features": [{"geom": {"lines": [[[17.411525484993863, -16.170477096522895, 0.0], [17.53945875067603, -16.121773416470123, 0.0], [17.56175015302951, -16.04947843487222, 0.0]]]}, "mtl": 0}, {"geom": {"lines": [[[17.539458750677905, -16.121583167234473, 0.0], [17.56441542939877, -16.13585184942542, 0.0], [17.60342538351759, -16.145554541177667, 0.0], [17.657700102290907, -16.183794465935843, 0.0], [17.679991504644388, -16.1906433915653, 0.0]]]}, "mtl": 0}], "featureCount": 2}